"app","from","to","pre","keyword","post","phrase"
"Bevel",20,22,"We share information with vendors and contractors who help us provide , maintain , and","improve the Services",", such as cloud hosting providers , technology partners , customer sup . . .","improve the services"
"Bevel",30,32,"personal data with certain trusted service providers and partners so that we can provide and","improve our services",", to provide p . . .","improve our services"
"Radiance",30,30,"and display content and advertising ( and work with third-party vendors who do so )","tailored","to Your interests and / or l . . .","tailor"
"Radiance",10,10,"You can opt out of receiving ads that are","personalized","as served by our Service Providers by following our instructions presented on the Service :","personalize"
"Runna",18,20,"uses anonymous browsing information collected automatically by our servers primarily to help us administer and","improve the Services",". We may also use such aggregated anonymous informatio . . .","improve the services"
"Stardust",31,32,"provide services to us . For example , companies that host our servers or provide","customer support","may need access to h . . .","customer support"
"Sugarmate",28,30,"that are owned or controlled by us or our affiliates in order to provide and","improve our Services",", for marketing purposes . . .","improve our services"
"Sugarmate",30,30,"marketing partners , analytics providers , and other vendors to provide , improve , and","personalize","Services or where . . .","personalize"
"Sugarmate",30,30,"marketing partners , analytics providers , and other vendors to provide , improve , and","personalize","Sugarmate's servic . . .","personalize"
"Yuka",31,31,"Services for analytics and advertising , including to help manage and display advertisements , to","tailor",". . .","tailor"
"Zocdoc",25,26,"you interact and engage with the Services , or to help us provide you with","customer support",".","customer support"
"Zocdoc",25,26,"you interact and engage with the Services , or to help us provide you with","customer support",".","customer support"
